school_name,county,url,page_content,has_enrollment,has_demographics,screenshot
Chapel District Elementary (0401),Talbot,https://reportcard.msde.maryland.gov/Graphs/#/ReportCards/ReportCardSchool/1/E/1/20/0401/0,"Home
 
State
 
Districts & Schools
 
Resources
 
Help Guides
Find a different school:  View Schools List
TALBOT COUNTY
Chapel District Elementary (0401)
At A Glance
	
Report Card
	
Demographics
	
MCAP
	
Civil Rights Data Collection
	
Report Card
English
Spanish
Chinese
Korean
French
Vietnamese
Report Card Details
Definitions
FILTERS
Year:
2025
Reset
 Download
  
Chapel District Elementary
2024 - 2025 School Report Card
    
4 OUT OF 5 STARS
Percentile Rank: 76 (Elementary)
Chapel District Elementary (0401)
Grade Levels: Elementary
County: Talbot County
11430 Cordova Rd
Cordova, MD 21625-0000
Phone: 410-822-2391
HOW DID THIS SCHOOL DO OVERALL?

Overall school performance is determined by a combination of academic and school quality indicators. The total earned points percent is provided as well as a percentile rank and a star designation.

INDICATOR	POSSIBLE POINTS	EARNED POINTS*	ANNUAL TARGET	IMPROVEMENT
Academic Achievement	20.0	12.2		
Academic Progress	35.0	23.2	na	
Progress in Achie",True,True,/workspaces/jour329w_fall2025/murphy/stardem_draft/screenshots/Talbot_Chapel_District_Elementary_(04.png
Easton Elementary (0104),Talbot,https://reportcard.msde.maryland.gov/Graphs/#/ReportCards/ReportCardSchool/1/E/1/20/0104/0,"Home
 
State
 
Districts & Schools
 
Resources
 
Help Guides
Find a different school:  View Schools List
TALBOT COUNTY
Easton Elementary (0104)
At A Glance
	
Report Card
	
Demographics
	
MCAP
	
Civil Rights Data Collection
	
Report Card
English
Spanish
Chinese
Korean
French
Vietnamese
Report Card Details
Definitions
FILTERS
Year:
2025
Reset
 Download
  
Easton Elementary
2024 - 2025 School Report Card
    
3 OUT OF 5 STARS
Percentile Rank: 26 (Elementary)
Easton Elementary (0104)
Grade Levels: Elementary
County: Talbot County
307 Glenwood Ave
Easton, MD 21601-0000
Phone: 410-822-0686
HOW DID THIS SCHOOL DO OVERALL?

Overall school performance is determined by a combination of academic and school quality indicators. The total earned points percent is provided as well as a percentile rank and a star designation.

INDICATOR	POSSIBLE POINTS	EARNED POINTS*	ANNUAL TARGET	IMPROVEMENT
Academic Achievement	20.0	7.3		
Academic Progress	35.0	16.9	na	
Progress in Achieving English Language Profici",True,True,/workspaces/jour329w_fall2025/murphy/stardem_draft/screenshots/Talbot_Easton_Elementary_(0104).png
St. Michaels Elementary (0204),Talbot,https://reportcard.msde.maryland.gov/Graphs/#/ReportCards/ReportCardSchool/1/E/1/20/0204/0,"Home
 
State
 
Districts & Schools
 
Resources
 
Help Guides
Find a different school:  View Schools List
TALBOT COUNTY
St. Michaels Elementary (0204)
At A Glance
	
Report Card
	
Demographics
	
MCAP
	
Civil Rights Data Collection
	
Report Card
English
Spanish
Chinese
Korean
French
Vietnamese
Report Card Details
Definitions
FILTERS
Year:
2025
Reset
 Download
  
St. Michaels Elementary
2024 - 2025 School Report Card
    
4 OUT OF 5 STARS
Percentile Rank: 81 (Elementary)
St. Michaels Elementary (0204)
Grade Levels: Elementary
County: Talbot County
100 Seymour Ave
St Michaels, MD 21663-0000
Phone: 410-745-2882
HOW DID THIS SCHOOL DO OVERALL?

Overall school performance is determined by a combination of academic and school quality indicators. The total earned points percent is provided as well as a percentile rank and a star designation.

INDICATOR	POSSIBLE POINTS	EARNED POINTS*	ANNUAL TARGET	IMPROVEMENT
Academic Achievement	20.0	9.8		
Academic Progress	35.0	24.4	na	
Progress in Achieving En",True,True,/workspaces/jour329w_fall2025/murphy/stardem_draft/screenshots/Talbot_St._Michaels_Elementary_(0204).png
Tilghman Elementary (0501),Talbot,https://reportcard.msde.maryland.gov/Graphs/#/ReportCards/ReportCardSchool/1/E/1/20/0501/0,"Home
 
State
 
Districts & Schools
 
Resources
 
Help Guides
Find a different school:  View Schools List
TALBOT COUNTY
Tilghman Elementary (0501)
At A Glance
	
Report Card
	
Demographics
	
MCAP
	
Civil Rights Data Collection
	
Report Card
English
Spanish
Chinese
Korean
French
Vietnamese
Report Card Details
Definitions
FILTERS
Year:
2025
Reset
 Download
  
Tilghman Elementary
2024 - 2025 School Report Card
    
3 OUT OF 5 STARS
Percentile Rank: 13 (Elementary)
Tilghman Elementary (0501)
Grade Levels: Elementary
County: Talbot County
21374 Foster Ave
Tilghman, MD 21671-0000
Phone: 410-886-2391
HOW DID THIS SCHOOL DO OVERALL?

Overall school performance is determined by a combination of academic and school quality indicators. The total earned points percent is provided as well as a percentile rank and a star designation.

INDICATOR	POSSIBLE POINTS	EARNED POINTS*	ANNUAL TARGET	IMPROVEMENT
Academic Achievement	20.0	7.3		
Academic Progress	35.0	13.9	na	
Progress in Achieving English Language",True,True,/workspaces/jour329w_fall2025/murphy/stardem_draft/screenshots/Talbot_Tilghman_Elementary_(0501).png
White Marsh Elementary (0302),Talbot,https://reportcard.msde.maryland.gov/Graphs/#/ReportCards/ReportCardSchool/1/E/1/20/0302/0,"Home
 
State
 
Districts & Schools
 
Resources
 
Help Guides
Find a different school:  View Schools List
TALBOT COUNTY
White Marsh Elementary (0302)
At A Glance
	
Report Card
	
Demographics
	
MCAP
	
Civil Rights Data Collection
	
Report Card
English
Spanish
Chinese
Korean
French
Vietnamese
Report Card Details
Definitions
FILTERS
Year:
2025
Reset
 Download
  
White Marsh Elementary
2024 - 2025 School Report Card
    
4 OUT OF 5 STARS
Percentile Rank: 74 (Elementary)
White Marsh Elementary (0302)
Grade Levels: Elementary
County: Talbot County
4322 Lovers Ln
Trappe, MD 21673-0000
Phone: 410-476-3144
HOW DID THIS SCHOOL DO OVERALL?

Overall school performance is determined by a combination of academic and school quality indicators. The total earned points percent is provided as well as a percentile rank and a star designation.

INDICATOR	POSSIBLE POINTS	EARNED POINTS*	ANNUAL TARGET	IMPROVEMENT
Academic Achievement	20.0	12.1		
Academic Progress	35.0	22.1	na	
Progress in Achieving English La",True,True,/workspaces/jour329w_fall2025/murphy/stardem_draft/screenshots/Talbot_White_Marsh_Elementary_(0302).png
Easton Middle (0106),Talbot,https://reportcard.msde.maryland.gov/Graphs/#/ReportCards/ReportCardSchool/1/M/1/20/0106/0,"Home
 
State
 
Districts & Schools
 
Resources
 
Help Guides
Find a different school:  View Schools List
TALBOT COUNTY
Easton Middle (0106)
At A Glance
	
Report Card
	
Demographics
	
MCAP
	
Civil Rights Data Collection
	
Report Card
English
Spanish
Chinese
Korean
French
Vietnamese
Report Card Details
Definitions
FILTERS
Year:
2025
Reset
 Download
  
Easton Middle
2024 - 2025 School Report Card
    
3 OUT OF 5 STARS
Percentile Rank: 34 (Middle)
Easton Middle (0106)
Grade Levels: Middle
County: Talbot County
201 Peachblossom Rd
Easton, MD 21601-0000
Phone: 410-822-2910
HOW DID THIS SCHOOL DO OVERALL?

Overall school performance is determined by a combination of academic and school quality indicators. The total earned points percent is provided as well as a percentile rank and a star designation.

INDICATOR	POSSIBLE POINTS	EARNED POINTS*	ANNUAL TARGET	IMPROVEMENT
Academic Achievement	20.0	7.8		
Academic Progress	35.0	17.0	na	
Progress in Achieving English Language Proficiency	10.0	2.5		
S",True,True,/workspaces/jour329w_fall2025/murphy/stardem_draft/screenshots/Talbot_Easton_Middle_(0106).png
St. Michaels Middle/High School (0202),Talbot,https://reportcard.msde.maryland.gov/Graphs/#/ReportCards/ReportCardSchool/1/MH/1/20/0202/0,"Home
 
State
 
Districts & Schools
 
Resources
 
Help Guides
Find a different school:  View Schools List
TALBOT COUNTY
St. Michaels Middle/High School (0202)
At A Glance
	
Report Card
	
Demographics
	
MCAP
	
Graduation + College Status
	
Civil Rights Data Collection
	
Report Card
English
Spanish
Chinese
Korean
French
Vietnamese
Report Card Details
Definitions
FILTERS
Year:
2025
Reset
 Download
  
St. Michaels Middle/High School
2024 - 2025 School Report Card
    
3 OUT OF 5 STARS
Percentile Rank: 54 (Middle), 65 (High)
St. Michaels Middle/High School (0202)
Grade Levels: Middle/High
County: Talbot County
200 Seymour Ave
St Michaels, MD 21663-0000
Phone: 410-745-2852
HOW DID THIS SCHOOL DO OVERALL?

Overall school performance is determined by a combination of academic and school quality indicators. The total earned points percent is provided as well as a percentile rank and a star designation.

INDICATOR	POSSIBLE POINTS	EARNED POINTS*	ANNUAL TARGET	IMPROVEMENT
Academic Achievement (M/H)",True,True,/workspaces/jour329w_fall2025/murphy/stardem_draft/screenshots/Talbot_St._Michaels_Middle/High_Schoo.png
Easton High (0101),Talbot,https://reportcard.msde.maryland.gov/Graphs/#/ReportCards/ReportCardSchool/1/H/1/20/0101/0,"Home
 
State
 
Districts & Schools
 
Resources
 
Help Guides
Find a different school:  View Schools List
TALBOT COUNTY
Easton High (0101)
At A Glance
	
Report Card
	
Demographics
	
MCAP
	
Graduation + College Status
	
Civil Rights Data Collection
	
Report Card
English
Spanish
Chinese
Korean
French
Vietnamese
Report Card Details
Definitions
FILTERS
Year:
2025
Reset
 Download
  
Easton High
2024 - 2025 School Report Card
    
3 OUT OF 5 STARS
Percentile Rank: 41 (High)
Easton High (0101)
Grade Levels: High
County: Talbot County
723 Mecklenburg Ave
Easton, MD 21601-0000
Phone: 410-822-4180
HOW DID THIS SCHOOL DO OVERALL?

Overall school performance is determined by a combination of academic and school quality indicators. The total earned points percent is provided as well as a percentile rank and a star designation.

INDICATOR	POSSIBLE POINTS	EARNED POINTS*	ANNUAL TARGET	IMPROVEMENT
Academic Achievement	30.0	14.1		
Graduation Rate	15.0	14.6		
Progress in Achieving English Language Profici",True,True,/workspaces/jour329w_fall2025/murphy/stardem_draft/screenshots/Talbot_Easton_High_(0101).png
Galena Elementary School (0105),Kent,https://reportcard.msde.maryland.gov/Graphs/#/ReportCards/ReportCardSchool/1/E/1/14/0105/0,"Home
 
State
 
Districts & Schools
 
Resources
 
Help Guides
Find a different school:  View Schools List
KENT COUNTY
Galena Elementary School (0105)
At A Glance
	
Report Card
	
Demographics
	
MCAP
	
Civil Rights Data Collection
	
Report Card
English
Spanish
Chinese
Korean
French
Vietnamese
Report Card Details
Definitions
FILTERS
Year:
2025
Reset
 Download
  
Galena Elementary School
2024 - 2025 School Report Card
    
3 OUT OF 5 STARS
Percentile Rank: 25 (Elementary)
Galena Elementary School (0105)
Grade Levels: Elementary
County: Kent County
114 S Main Street
Galena, MD 21635-1525
Phone: 410-648-5132
HOW DID THIS SCHOOL DO OVERALL?

Overall school performance is determined by a combination of academic and school quality indicators. The total earned points percent is provided as well as a percentile rank and a star designation.

INDICATOR	POSSIBLE POINTS	EARNED POINTS*	ANNUAL TARGET	IMPROVEMENT
Academic Achievement	20.0	7.9		
Academic Progress	35.0	17.0	na	
Progress in Achieving Englis",True,True,/workspaces/jour329w_fall2025/murphy/stardem_draft/screenshots/Kent_Galena_Elementary_School_(0105.png
H. H. Garnett Elementary (0403),Kent,https://reportcard.msde.maryland.gov/Graphs/#/ReportCards/ReportCardSchool/1/E/1/14/0403/0,"Home
 
State
 
Districts & Schools
 
Resources
 
Help Guides
Find a different school:  View Schools List
KENT COUNTY
H. H. Garnett Elementary (0403)
At A Glance
	
Report Card
	
Demographics
	
MCAP
	
Civil Rights Data Collection
	
Report Card
English
Spanish
Chinese
Korean
French
Vietnamese
Report Card Details
Definitions
FILTERS
Year:
2025
Reset
 Download
  
H. H. Garnett Elementary
2024 - 2025 School Report Card
    
3 OUT OF 5 STARS
Percentile Rank: 48 (Elementary)
H. H. Garnett Elementary (0403)
Grade Levels: Elementary
County: Kent County
320 Calvert St
Chestertown, MD 21620-1304
Phone: 410-778-6890
HOW DID THIS SCHOOL DO OVERALL?

Overall school performance is determined by a combination of academic and school quality indicators. The total earned points percent is provided as well as a percentile rank and a star designation.

INDICATOR	POSSIBLE POINTS	EARNED POINTS*	ANNUAL TARGET	IMPROVEMENT
Academic Achievement	20.0	9.8		
Academic Progress	35.0	19.5	na	
Progress in Achieving Engl",True,True,/workspaces/jour329w_fall2025/murphy/stardem_draft/screenshots/Kent_H._H._Garnett_Elementary_(0403.png
Rock Hall Elementary (0504),Kent,https://reportcard.msde.maryland.gov/Graphs/#/ReportCards/ReportCardSchool/1/E/1/14/0504/0,"Home
 
State
 
Districts & Schools
 
Resources
 
Help Guides
Find a different school:  View Schools List
KENT COUNTY
Rock Hall Elementary (0504)
At A Glance
	
Report Card
	
Demographics
	
MCAP
	
Civil Rights Data Collection
	
Report Card
English
Spanish
Chinese
Korean
French
Vietnamese
Report Card Details
Definitions
FILTERS
Year:
2025
Reset
 Download
  
Rock Hall Elementary
2024 - 2025 School Report Card
    
4 OUT OF 5 STARS
Percentile Rank: 79 (Elementary)
Rock Hall Elementary (0504)
Grade Levels: Elementary
County: Kent County
21203 Sharp St
Rock Hall, MD 21661-1517
Phone: 410-639-2265
HOW DID THIS SCHOOL DO OVERALL?

Overall school performance is determined by a combination of academic and school quality indicators. The total earned points percent is provided as well as a percentile rank and a star designation.

INDICATOR	POSSIBLE POINTS	EARNED POINTS*	ANNUAL TARGET	IMPROVEMENT
Academic Achievement	20.0	10.6		
Academic Progress	35.0	26.2	na	
Progress in Achieving English Language ",True,True,/workspaces/jour329w_fall2025/murphy/stardem_draft/screenshots/Kent_Rock_Hall_Elementary_(0504).png
Kent County Middle School (0402),Kent,https://reportcard.msde.maryland.gov/Graphs/#/ReportCards/ReportCardSchool/1/M/1/14/0402/0,"Home
 
State
 
Districts & Schools
 
Resources
 
Help Guides
Find a different school:  View Schools List
KENT COUNTY
Kent County Middle School (0402)
At A Glance
	
Report Card
	
Demographics
	
MCAP
	
Civil Rights Data Collection
	
Report Card
English
Spanish
Chinese
Korean
French
Vietnamese
Report Card Details
Definitions
FILTERS
Year:
2025
Reset
 Download
  
Kent County Middle School
2024 - 2025 School Report Card
    
2 OUT OF 5 STARS
Percentile Rank: 15 (Middle)
Kent County Middle School (0402)
Grade Levels: Middle
County: Kent County
402 E Campus Avenue
Chestertown, MD 21620-1608
Phone: 410-778-1771
HOW DID THIS SCHOOL DO OVERALL?

Overall school performance is determined by a combination of academic and school quality indicators. The total earned points percent is provided as well as a percentile rank and a star designation.

INDICATOR	POSSIBLE POINTS	EARNED POINTS*	ANNUAL TARGET	IMPROVEMENT
Academic Achievement	20.0	6.8		
Academic Progress	35.0	11.1	na	
Progress in Achieving Engl",True,True,/workspaces/jour329w_fall2025/murphy/stardem_draft/screenshots/Kent_Kent_County_Middle_School_(040.png
Kent County High (0301),Kent,https://reportcard.msde.maryland.gov/Graphs/#/ReportCards/ReportCardSchool/1/H/1/14/0301/0,"Home
 
State
 
Districts & Schools
 
Resources
 
Help Guides
Find a different school:  View Schools List
KENT COUNTY
Kent County High (0301)
At A Glance
	
Report Card
	
Demographics
	
MCAP
	
Graduation + College Status
	
Civil Rights Data Collection
	
Report Card
English
Spanish
Chinese
Korean
French
Vietnamese
Report Card Details
Definitions
FILTERS
Year:
2025
Reset
 Download
  
Kent County High
2024 - 2025 School Report Card
    
3 OUT OF 5 STARS
Percentile Rank: 43 (High)
Kent County High (0301)
Grade Levels: High
County: Kent County
25301 Lambs Meadow Rd
Worton, MD 21678-1924
Phone: 410-778-4540
HOW DID THIS SCHOOL DO OVERALL?

Overall school performance is determined by a combination of academic and school quality indicators. The total earned points percent is provided as well as a percentile rank and a star designation.

INDICATOR	POSSIBLE POINTS	EARNED POINTS*	ANNUAL TARGET	IMPROVEMENT
Academic Achievement	30.0	13.7		
Graduation Rate	15.0	13.9		
Progress in Achieving English Lan",True,True,/workspaces/jour329w_fall2025/murphy/stardem_draft/screenshots/Kent_Kent_County_High_(0301).png
Choptank Elementary School (0716),Dorchester,https://reportcard.msde.maryland.gov/Graphs/#/ReportCards/ReportCardSchool/1/E/1/09/0716/0,"Home
 
State
 
Districts & Schools
 
Resources
 
Help Guides
Find a different school:  View Schools List
DORCHESTER COUNTY
Choptank Elementary School (0716)
At A Glance
	
Report Card
	
Demographics
	
MCAP
	
Civil Rights Data Collection
	
Report Card
English
Spanish
Chinese
Korean
French
Vietnamese
Report Card Details
Definitions
FILTERS
Year:
2025
Reset
 Download
  
Choptank Elementary School
2024 - 2025 School Report Card
    
2 OUT OF 5 STARS
Percentile Rank: 7 (Elementary)
Choptank Elementary School (0716)
Grade Levels: Elementary
County: Dorchester County
1103 Mace's Lane
Cambridge, MD 21613
Phone: 410-228-4950
HOW DID THIS SCHOOL DO OVERALL?

Overall school performance is determined by a combination of academic and school quality indicators. The total earned points percent is provided as well as a percentile rank and a star designation.

INDICATOR	POSSIBLE POINTS	EARNED POINTS*	ANNUAL TARGET	IMPROVEMENT
Academic Achievement	20.0	6.2		
Academic Progress	35.0	16.3	na	
Progress in Ac",True,True,/workspaces/jour329w_fall2025/murphy/stardem_draft/screenshots/Dorchester_Choptank_Elementary_School_(07.png
Hurlock Elementary School (1503),Dorchester,https://reportcard.msde.maryland.gov/Graphs/#/ReportCards/ReportCardSchool/1/E/1/09/1503/0,"Home
 
State
 
Districts & Schools
 
Resources
 
Help Guides
Find a different school:  View Schools List
DORCHESTER COUNTY
Hurlock Elementary School (1503)
At A Glance
	
Report Card
	
Demographics
	
MCAP
	
Civil Rights Data Collection
	
Report Card
English
Spanish
Chinese
Korean
French
Vietnamese
Report Card Details
Definitions
FILTERS
Year:
2025
Reset
 Download
  
Hurlock Elementary School
2024 - 2025 School Report Card
    
3 OUT OF 5 STARS
Percentile Rank: 25 (Elementary)
Hurlock Elementary School (1503)
Grade Levels: Elementary
County: Dorchester County
301 Charles St.
Hurlock, MD 21643
Phone: 410-943-3303
HOW DID THIS SCHOOL DO OVERALL?

Overall school performance is determined by a combination of academic and school quality indicators. The total earned points percent is provided as well as a percentile rank and a star designation.

INDICATOR	POSSIBLE POINTS	EARNED POINTS*	ANNUAL TARGET	IMPROVEMENT
Academic Achievement	20.0	9.0		
Academic Progress	35.0	15.9	na	
Progress in Achievi",True,True,/workspaces/jour329w_fall2025/murphy/stardem_draft/screenshots/Dorchester_Hurlock_Elementary_School_(150.png
Maple Elementary School (0711),Dorchester,https://reportcard.msde.maryland.gov/Graphs/#/ReportCards/ReportCardSchool/1/E/1/09/0711/0,"Home
 
State
 
Districts & Schools
 
Resources
 
Help Guides
Find a different school:  View Schools List
DORCHESTER COUNTY
Maple Elementary School (0711)
At A Glance
	
Report Card
	
Demographics
	
MCAP
	
Civil Rights Data Collection
	
Report Card
English
Spanish
Chinese
Korean
French
Vietnamese
Report Card Details
Definitions
FILTERS
Year:
2025
Reset
 Download
  
Maple Elementary School
2024 - 2025 School Report Card
    
3 OUT OF 5 STARS
Percentile Rank: 45 (Elementary)
Maple Elementary School (0711)
Grade Levels: Elementary
County: Dorchester County
5225 Egypt Rd.
Cambridge, MD 21613
Phone: 410-228-8577
HOW DID THIS SCHOOL DO OVERALL?

Overall school performance is determined by a combination of academic and school quality indicators. The total earned points percent is provided as well as a percentile rank and a star designation.

INDICATOR	POSSIBLE POINTS	EARNED POINTS*	ANNUAL TARGET	IMPROVEMENT
Academic Achievement	20.0	7.6		
Academic Progress	35.0	20.2	na	
Progress in Achieving En",True,True,/workspaces/jour329w_fall2025/murphy/stardem_draft/screenshots/Dorchester_Maple_Elementary_School_(0711).png
Sandy Hill Elementary School (0710),Dorchester,https://reportcard.msde.maryland.gov/Graphs/#/ReportCards/ReportCardSchool/1/E/1/09/0710/0,"Home
 
State
 
Districts & Schools
 
Resources
 
Help Guides
Find a different school:  View Schools List
DORCHESTER COUNTY
Sandy Hill Elementary School (0710)
At A Glance
	
Report Card
	
Demographics
	
MCAP
	
Civil Rights Data Collection
	
Report Card
English
Spanish
Chinese
Korean
French
Vietnamese
Report Card Details
Definitions
FILTERS
Year:
2025
Reset
 Download
  
Sandy Hill Elementary School
2024 - 2025 School Report Card
    
3 OUT OF 5 STARS
Percentile Rank: 15 (Elementary)
Sandy Hill Elementary School (0710)
Grade Levels: Elementary
County: Dorchester County
1503 Glasgow Road
Cambridge, MD 21613
Phone: 410-228-7978
HOW DID THIS SCHOOL DO OVERALL?

Overall school performance is determined by a combination of academic and school quality indicators. The total earned points percent is provided as well as a percentile rank and a star designation.

INDICATOR	POSSIBLE POINTS	EARNED POINTS*	ANNUAL TARGET	IMPROVEMENT
Academic Achievement	20.0	6.6		
Academic Progress	35.0	17.6	na	
Progre",True,True,/workspaces/jour329w_fall2025/murphy/stardem_draft/screenshots/Dorchester_Sandy_Hill_Elementary_School_(.png
Vienna Elementary School (0302),Dorchester,https://reportcard.msde.maryland.gov/Graphs/#/ReportCards/ReportCardSchool/1/E/1/09/0302/0,"Home
 
State
 
Districts & Schools
 
Resources
 
Help Guides
Find a different school:  View Schools List
DORCHESTER COUNTY
Vienna Elementary School (0302)
At A Glance
	
Report Card
	
Demographics
	
MCAP
	
Civil Rights Data Collection
	
Report Card
English
Spanish
Chinese
Korean
French
Vietnamese
Report Card Details
Definitions
FILTERS
Year:
2025
Reset
 Download
  
Vienna Elementary School
2024 - 2025 School Report Card
    
4 OUT OF 5 STARS
Percentile Rank: 64 (Elementary)
Vienna Elementary School (0302)
Grade Levels: Elementary
County: Dorchester County
4905 Ocean Gateway
Vienna, MD 21869
Phone: 410-943-3775
HOW DID THIS SCHOOL DO OVERALL?

Overall school performance is determined by a combination of academic and school quality indicators. The total earned points percent is provided as well as a percentile rank and a star designation.

INDICATOR	POSSIBLE POINTS	EARNED POINTS*	ANNUAL TARGET	IMPROVEMENT
Academic Achievement	20.0	11.4		
Academic Progress	35.0	19.9	na	
Progress in Achievi",True,True,/workspaces/jour329w_fall2025/murphy/stardem_draft/screenshots/Dorchester_Vienna_Elementary_School_(0302.png
Warwick Elementary School (0205),Dorchester,https://reportcard.msde.maryland.gov/Graphs/#/ReportCards/ReportCardSchool/1/E/1/09/0205/0,"Home
 
State
 
Districts & Schools
 
Resources
 
Help Guides
Find a different school:  View Schools List
DORCHESTER COUNTY
Warwick Elementary School (0205)
At A Glance
	
Report Card
	
Demographics
	
MCAP
	
Civil Rights Data Collection
	
Report Card
English
Spanish
Chinese
Korean
French
Vietnamese
Report Card Details
Definitions
FILTERS
Year:
2025
Reset
 Download
  
Warwick Elementary School
2024 - 2025 School Report Card
    
3 OUT OF 5 STARS
Percentile Rank: 50 (Elementary)
Warwick Elementary School (0205)
Grade Levels: Elementary
County: Dorchester County
P.O. Box 549
Secretary, MD 21664
Phone: 410-943-3588
HOW DID THIS SCHOOL DO OVERALL?

Overall school performance is determined by a combination of academic and school quality indicators. The total earned points percent is provided as well as a percentile rank and a star designation.

INDICATOR	POSSIBLE POINTS	EARNED POINTS*	ANNUAL TARGET	IMPROVEMENT
Academic Achievement	20.0	11.7		
Academic Progress	35.0	15.2	na	
Progress in Achievi",True,True,/workspaces/jour329w_fall2025/murphy/stardem_draft/screenshots/Dorchester_Warwick_Elementary_School_(020.png
South Dorchester School (0508),Dorchester,https://reportcard.msde.maryland.gov/Graphs/#/ReportCards/ReportCardSchool/1/EM/1/09/0508/0,"Home
 
State
 
Districts & Schools
 
Resources
 
Help Guides
Find a different school:  View Schools List
DORCHESTER COUNTY
South Dorchester School (0508)
At A Glance
	
Report Card
	
Demographics
	
MCAP
	
Civil Rights Data Collection
	
Report Card
English
Spanish
Chinese
Korean
French
Vietnamese
Report Card Details
Definitions
FILTERS
Year:
2025
Reset
 Download
  
South Dorchester School
2024 - 2025 School Report Card
    
4 OUT OF 5 STARS
Percentile Rank: 63 (Elementary) , 96 (Middle)
South Dorchester School (0508)
Grade Levels: Elementary/Middle
County: Dorchester County
3485 Golden Hill Road
Church Creek, MD 21622
Phone: 410-901-6934
HOW DID THIS SCHOOL DO OVERALL?

Overall school performance is determined by a combination of academic and school quality indicators. The total earned points percent is provided as well as a percentile rank and a star designation.

INDICATOR	POSSIBLE POINTS	EARNED POINTS*	ANNUAL TARGET	IMPROVEMENT
Academic Achievement (E/M)	20.0 / 20.0	11.3 / 12.5	 / 	 /",True,True,/workspaces/jour329w_fall2025/murphy/stardem_draft/screenshots/Dorchester_South_Dorchester_School_(0508).png
Mace's Lane Middle School (0707),Dorchester,https://reportcard.msde.maryland.gov/Graphs/#/ReportCards/ReportCardSchool/1/M/1/09/0707/0,"Home
 
State
 
Districts & Schools
 
Resources
 
Help Guides
Find a different school:  View Schools List
DORCHESTER COUNTY
South Dorchester School (0508)
At A Glance
	
Report Card
	
Demographics
	
MCAP
	
Civil Rights Data Collection
	
Report Card
English
Spanish
Chinese
Korean
French
Vietnamese
Report Card Details
Definitions
FILTERS
Year:
2025
Reset
 Download
  
Mace's Lane Middle School
2024 - 2025 School Report Card
    
2 OUT OF 5 STARS
Percentile Rank: 4 (Middle)
Mace's Lane Middle School (0707)
Grade Levels: Middle
County: Dorchester County
1101 Mace's Lane
Cambridge, MD 21613
Phone: 410-228-2111
HOW DID THIS SCHOOL DO OVERALL?

Overall school performance is determined by a combination of academic and school quality indicators. The total earned points percent is provided as well as a percentile rank and a star designation.

INDICATOR	POSSIBLE POINTS	EARNED POINTS*	ANNUAL TARGET	IMPROVEMENT
Academic Achievement	20.0	5.4		
Academic Progress	35.0	13.6	na	
Progress in Achieving Engli",True,True,/workspaces/jour329w_fall2025/murphy/stardem_draft/screenshots/Dorchester_Mace's_Lane_Middle_School_(070.png
North Dorchester Middle School (0208),Dorchester,https://reportcard.msde.maryland.gov/Graphs/#/ReportCards/ReportCardSchool/1/M/1/09/0208/0,"Home
 
State
 
Districts & Schools
 
Resources
 
Help Guides
Find a different school:  View Schools List
DORCHESTER COUNTY
North Dorchester Middle School (0208)
At A Glance
	
Report Card
	
Demographics
	
MCAP
	
Civil Rights Data Collection
	
Report Card
English
Spanish
Chinese
Korean
French
Vietnamese
Report Card Details
Definitions
FILTERS
Year:
2025
Reset
 Download
  
North Dorchester Middle School
2024 - 2025 School Report Card
    
3 OUT OF 5 STARS
Percentile Rank: 68 (Middle)
North Dorchester Middle School (0208)
Grade Levels: Middle
County: Dorchester County
5745 Cloverdale Road
Hurlock, MD 21643
Phone: 410-943-3322
HOW DID THIS SCHOOL DO OVERALL?

Overall school performance is determined by a combination of academic and school quality indicators. The total earned points percent is provided as well as a percentile rank and a star designation.

INDICATOR	POSSIBLE POINTS	EARNED POINTS*	ANNUAL TARGET	IMPROVEMENT
Academic Achievement	20.0	9.6		
Academic Progress	35.0	20.0	na	
Progres",True,True,/workspaces/jour329w_fall2025/murphy/stardem_draft/screenshots/Dorchester_North_Dorchester_Middle_School.png
Cambridge-South Dorchester High School (0713),Dorchester,https://reportcard.msde.maryland.gov/Graphs/#/ReportCards/ReportCardSchool/1/H/1/09/0713/0,"Home
 
State
 
Districts & Schools
 
Resources
 
Help Guides
Find a different school:  View Schools List
DORCHESTER COUNTY
Cambridge-South Dorchester High School (0713)
At A Glance
	
Report Card
	
Demographics
	
MCAP
	
Graduation + College Status
	
Civil Rights Data Collection
	
Report Card
English
Spanish
Chinese
Korean
French
Vietnamese
Report Card Details
Definitions
FILTERS
Year:
2025
Reset
 Download
  
Cambridge-South Dorchester High School
2024 - 2025 School Report Card
    
3 OUT OF 5 STARS
Percentile Rank: 20 (High)
Cambridge-South Dorchester High School (0713)
Grade Levels: High
County: Dorchester County
2475 Cambridge Beltway
Cambridge, MD 21613
Phone: 410-228-9224
HOW DID THIS SCHOOL DO OVERALL?

Overall school performance is determined by a combination of academic and school quality indicators. The total earned points percent is provided as well as a percentile rank and a star designation.

INDICATOR	POSSIBLE POINTS	EARNED POINTS*	ANNUAL TARGET	IMPROVEMENT
Academic Achievem",True,True,/workspaces/jour329w_fall2025/murphy/stardem_draft/screenshots/Dorchester_Cambridge-South_Dorchester_Hig.png
North Dorchester High School (0207),Dorchester,https://reportcard.msde.maryland.gov/Graphs/#/ReportCards/ReportCardSchool/1/H/1/09/0207/0,"Home
 
State
 
Districts & Schools
 
Resources
 
Help Guides
Find a different school:  View Schools List
DORCHESTER COUNTY
North Dorchester High School (0207)
At A Glance
	
Report Card
	
Demographics
	
MCAP
	
Graduation + College Status
	
Civil Rights Data Collection
	
Report Card
English
Spanish
Chinese
Korean
French
Vietnamese
Report Card Details
Definitions
FILTERS
Year:
2025
Reset
 Download
  
North Dorchester High School
2024 - 2025 School Report Card
    
3 OUT OF 5 STARS
Percentile Rank: 36 (High)
North Dorchester High School (0207)
Grade Levels: High
County: Dorchester County
5875 Cloverdale Road
Hurlock, MD 21643
Phone: 410-943-4511
HOW DID THIS SCHOOL DO OVERALL?

Overall school performance is determined by a combination of academic and school quality indicators. The total earned points percent is provided as well as a percentile rank and a star designation.

INDICATOR	POSSIBLE POINTS	EARNED POINTS*	ANNUAL TARGET	IMPROVEMENT
Academic Achievement	30.0	12.7		
Graduation Rate	15",True,True,/workspaces/jour329w_fall2025/murphy/stardem_draft/screenshots/Dorchester_North_Dorchester_High_School_(.png
Dorchester County Career and Technology Center (0714),Dorchester,https://reportcard.msde.maryland.gov/Graphs/#/ReportCards/ReportCardSchool/1/UC/1/09/0714/0,"Home
 
State
 
Districts & Schools
 
Resources
 
Help Guides
Find a different school:  View Schools List
DORCHESTER COUNTY
Dorchester County Career and Technology Center (0714)
At A Glance
	
Report Card
	
Demographics
	
MCAP
	
Civil Rights Data Collection
	
Report Card
English
Spanish
Chinese
Korean
French
Vietnamese
Report Card Details
Definitions

Year (2025) is not available

Maryland State Department of Education
200 West Baltimore Street, Baltimore, MD 21201
(410) 767-0100 (Phone) | (888) 246-0016 (TOLL Free)| (410) 333-2220 (Fax)
marylandpublicschools.org

   
Data Downloads Help Guides Privacy Policy Notice of Accessibility Contact Us
©2025, Maryland State Department of Education, All rights reserved, v.2025.11.04.12",True,True,/workspaces/jour329w_fall2025/murphy/stardem_draft/screenshots/Dorchester_Dorchester_County_Career_and_T.png
Judith P. Hoyer Early Childhood Center (0709),Dorchester,https://reportcard.msde.maryland.gov/Graphs/#/ReportCards/ReportCardSchool/1/UC/1/09/0709/0,"Home
 
State
 
Districts & Schools
 
Resources
 
Help Guides
Find a different school:  View Schools List
DORCHESTER COUNTY
Judith P. Hoyer Early Childhood Center (0709)
At A Glance
	
Report Card
	
Demographics
	
MCAP
	
Civil Rights Data Collection
	
Report Card
English
Spanish
Chinese
Korean
French
Vietnamese
Report Card Details
Definitions

Year (2025) is not available

Maryland State Department of Education
200 West Baltimore Street, Baltimore, MD 21201
(410) 767-0100 (Phone) | (888) 246-0016 (TOLL Free)| (410) 333-2220 (Fax)
marylandpublicschools.org

   
Data Downloads Help Guides Privacy Policy Notice of Accessibility Contact Us
©2025, Maryland State Department of Education, All rights reserved, v.2025.11.04.12",True,True,/workspaces/jour329w_fall2025/murphy/stardem_draft/screenshots/Dorchester_Judith_P._Hoyer_Early_Childhoo.png
Denton Elementary School (0301),Caroline,https://reportcard.msde.maryland.gov/Graphs/#/ReportCards/ReportCardSchool/1/E/1/05/0301/0,"Home
 
State
 
Districts & Schools
 
Resources
 
Help Guides
Find a different school:  View Schools List
CAROLINE COUNTY
Denton Elementary School (0301)
At A Glance
	
Report Card
	
Demographics
	
MCAP
	
Civil Rights Data Collection
	
Report Card
English
Spanish
Chinese
Korean
French
Vietnamese
Report Card Details
Definitions
FILTERS
Year:
2025
Reset
 Download
  
Denton Elementary School
2024 - 2025 School Report Card
    
3 OUT OF 5 STARS
Percentile Rank: 42 (Elementary)
Denton Elementary School (0301)
Grade Levels: Elementary
County: Caroline County
303 Sharp Rd
Denton, MD 21629-1481
Phone: 410-479-1660
HOW DID THIS SCHOOL DO OVERALL?

Overall school performance is determined by a combination of academic and school quality indicators. The total earned points percent is provided as well as a percentile rank and a star designation.

INDICATOR	POSSIBLE POINTS	EARNED POINTS*	ANNUAL TARGET	IMPROVEMENT
Academic Achievement	20.0	10.3		
Academic Progress	35.0	19.3	na	
Progress in Achieving En",True,True,/workspaces/jour329w_fall2025/murphy/stardem_draft/screenshots/Caroline_Denton_Elementary_School_(0301.png
Federalsburg Elementary School (0501),Caroline,https://reportcard.msde.maryland.gov/Graphs/#/ReportCards/ReportCardSchool/1/E/1/05/0501/0,"Home
 
State
 
Districts & Schools
 
Resources
 
Help Guides
Find a different school:  View Schools List
CAROLINE COUNTY
Federalsburg Elementary School (0501)
At A Glance
	
Report Card
	
Demographics
	
MCAP
	
Civil Rights Data Collection
	
Report Card
English
Spanish
Chinese
Korean
French
Vietnamese
Report Card Details
Definitions
FILTERS
Year:
2025
Reset
 Download
  
Federalsburg Elementary School
2024 - 2025 School Report Card
    
3 OUT OF 5 STARS
Percentile Rank: 17 (Elementary)
Federalsburg Elementary School (0501)
Grade Levels: Elementary
County: Caroline County
302 S University Ave
Federalsburg, MD 21632-1437
Phone: 410-479-2761
HOW DID THIS SCHOOL DO OVERALL?

Overall school performance is determined by a combination of academic and school quality indicators. The total earned points percent is provided as well as a percentile rank and a star designation.

INDICATOR	POSSIBLE POINTS	EARNED POINTS*	ANNUAL TARGET	IMPROVEMENT
Academic Achievement	20.0	7.6		
Academic Progress	35.0	14",True,True,/workspaces/jour329w_fall2025/murphy/stardem_draft/screenshots/Caroline_Federalsburg_Elementary_School.png
Greensboro Elementary School (0201),Caroline,https://reportcard.msde.maryland.gov/Graphs/#/ReportCards/ReportCardSchool/1/E/1/05/0201/0,"Home
 
State
 
Districts & Schools
 
Resources
 
Help Guides
Find a different school:  View Schools List
CAROLINE COUNTY
Greensboro Elementary School (0201)
At A Glance
	
Report Card
	
Demographics
	
MCAP
	
Civil Rights Data Collection
	
Report Card
English
Spanish
Chinese
Korean
French
Vietnamese
Report Card Details
Definitions
FILTERS
Year:
2025
Reset
 Download
  
Greensboro Elementary School
2024 - 2025 School Report Card
    
3 OUT OF 5 STARS
Percentile Rank: 49 (Elementary)
Greensboro Elementary School (0201)
Grade Levels: Elementary
County: Caroline County
625 N Main St
Greensboro, MD 21639-1469
Phone: 410-479-3885
HOW DID THIS SCHOOL DO OVERALL?

Overall school performance is determined by a combination of academic and school quality indicators. The total earned points percent is provided as well as a percentile rank and a star designation.

INDICATOR	POSSIBLE POINTS	EARNED POINTS*	ANNUAL TARGET	IMPROVEMENT
Academic Achievement	20.0	9.5		
Academic Progress	35.0	19.1	na	
Progress",True,True,/workspaces/jour329w_fall2025/murphy/stardem_draft/screenshots/Caroline_Greensboro_Elementary_School_(.png
Preston Elementary School (0401),Caroline,https://reportcard.msde.maryland.gov/Graphs/#/ReportCards/ReportCardSchool/1/E/1/05/0401/0,"Home
 
State
 
Districts & Schools
 
Resources
 
Help Guides
Find a different school:  View Schools List
CAROLINE COUNTY
Preston Elementary School (0401)
At A Glance
	
Report Card
	
Demographics
	
MCAP
	
Civil Rights Data Collection
	
Report Card
English
Spanish
Chinese
Korean
French
Vietnamese
Report Card Details
Definitions
FILTERS
Year:
2025
Reset
 Download
  
Preston Elementary School
2024 - 2025 School Report Card
    
4 OUT OF 5 STARS
Percentile Rank: 67 (Elementary)
Preston Elementary School (0401)
Grade Levels: Elementary
County: Caroline County
Po Box 69
Preston, MD 21655-0000
Phone: 410-479-2897
HOW DID THIS SCHOOL DO OVERALL?

Overall school performance is determined by a combination of academic and school quality indicators. The total earned points percent is provided as well as a percentile rank and a star designation.

INDICATOR	POSSIBLE POINTS	EARNED POINTS*	ANNUAL TARGET	IMPROVEMENT
Academic Achievement	20.0	11.1		
Academic Progress	35.0	21.2	na	
Progress in Achieving E",True,True,/workspaces/jour329w_fall2025/murphy/stardem_draft/screenshots/Caroline_Preston_Elementary_School_(040.png
Ridgely Elementary School (0701),Caroline,https://reportcard.msde.maryland.gov/Graphs/#/ReportCards/ReportCardSchool/1/E/1/05/0701/0,"Home
 
State
 
Districts & Schools
 
Resources
 
Help Guides
Find a different school:  View Schools List
CAROLINE COUNTY
Ridgely Elementary School (0701)
At A Glance
	
Report Card
	
Demographics
	
MCAP
	
Civil Rights Data Collection
	
Report Card
English
Spanish
Chinese
Korean
French
Vietnamese
Report Card Details
Definitions
FILTERS
Year:
2025
Reset
 Download
  
Ridgely Elementary School
2024 - 2025 School Report Card
    
3 OUT OF 5 STARS
Percentile Rank: 34 (Elementary)
Ridgely Elementary School (0701)
Grade Levels: Elementary
County: Caroline County
118 N Central Ave
Ridgely, MD 21660-1345
Phone: 410-479-3243
HOW DID THIS SCHOOL DO OVERALL?

Overall school performance is determined by a combination of academic and school quality indicators. The total earned points percent is provided as well as a percentile rank and a star designation.

INDICATOR	POSSIBLE POINTS	EARNED POINTS*	ANNUAL TARGET	IMPROVEMENT
Academic Achievement	20.0	8.8		
Academic Progress	35.0	14.8	na	
Progress in Achi",True,True,/workspaces/jour329w_fall2025/murphy/stardem_draft/screenshots/Caroline_Ridgely_Elementary_School_(070.png
Colonel Richardson Middle School (0802),Caroline,https://reportcard.msde.maryland.gov/Graphs/#/ReportCards/ReportCardSchool/1/M/1/05/0802/0,"Home
 
State
 
Districts & Schools
 
Resources
 
Help Guides
Find a different school:  View Schools List
CAROLINE COUNTY
Colonel Richardson Middle School (0802)
At A Glance
	
Report Card
	
Demographics
	
MCAP
	
Civil Rights Data Collection
	
Report Card
English
Spanish
Chinese
Korean
French
Vietnamese
Report Card Details
Definitions
FILTERS
Year:
2025
Reset
 Download
  
Colonel Richardson Middle School
2024 - 2025 School Report Card
    
3 OUT OF 5 STARS
Percentile Rank: 44 (Middle)
Colonel Richardson Middle School (0802)
Grade Levels: Middle
County: Caroline County
25390 Richardson Rd
Federalsburg, MD 21632-2403
Phone: 410-479-1462
HOW DID THIS SCHOOL DO OVERALL?

Overall school performance is determined by a combination of academic and school quality indicators. The total earned points percent is provided as well as a percentile rank and a star designation.

INDICATOR	POSSIBLE POINTS	EARNED POINTS*	ANNUAL TARGET	IMPROVEMENT
Academic Achievement	20.0	8.9		
Academic Progress	35.0	18.3	",True,True,/workspaces/jour329w_fall2025/murphy/stardem_draft/screenshots/Caroline_Colonel_Richardson_Middle_Scho.png
Lockerman Middle School (0302),Caroline,https://reportcard.msde.maryland.gov/Graphs/#/ReportCards/ReportCardSchool/1/M/1/05/0302/0,"Home
 
State
 
Districts & Schools
 
Resources
 
Help Guides
Find a different school:  View Schools List
CAROLINE COUNTY
Lockerman Middle School (0302)
At A Glance
	
Report Card
	
Demographics
	
MCAP
	
Civil Rights Data Collection
	
Report Card
English
Spanish
Chinese
Korean
French
Vietnamese
Report Card Details
Definitions
FILTERS
Year:
2025
Reset
 Download
  
Lockerman Middle School
2024 - 2025 School Report Card
    
3 OUT OF 5 STARS
Percentile Rank: 29 (Middle)
Lockerman Middle School (0302)
Grade Levels: Middle
County: Caroline County
410 Lockerman St
Denton, MD 21629-1048
Phone: 410-479-2760
HOW DID THIS SCHOOL DO OVERALL?

Overall school performance is determined by a combination of academic and school quality indicators. The total earned points percent is provided as well as a percentile rank and a star designation.

INDICATOR	POSSIBLE POINTS	EARNED POINTS*	ANNUAL TARGET	IMPROVEMENT
Academic Achievement	20.0	8.5		
Academic Progress	35.0	17.1	na	
Progress in Achieving English La",True,True,/workspaces/jour329w_fall2025/murphy/stardem_draft/screenshots/Caroline_Lockerman_Middle_School_(0302).png
Colonel Richardson High School (0801),Caroline,https://reportcard.msde.maryland.gov/Graphs/#/ReportCards/ReportCardSchool/1/H/1/05/0801/0,"Home
 
State
 
Districts & Schools
 
Resources
 
Help Guides
Find a different school:  View Schools List
CAROLINE COUNTY
Colonel Richardson High School (0801)
At A Glance
	
Report Card
	
Demographics
	
MCAP
	
Graduation + College Status
	
Civil Rights Data Collection
	
Report Card
English
Spanish
Chinese
Korean
French
Vietnamese
Report Card Details
Definitions
FILTERS
Year:
2025
Reset
 Download
  
Colonel Richardson High School
2024 - 2025 School Report Card
    
3 OUT OF 5 STARS
Percentile Rank: 54 (High)
Colonel Richardson High School (0801)
Grade Levels: High
County: Caroline County
25320 Richardson Rd
Federalsburg, MD 21632-2403
Phone: 410-479-3678
HOW DID THIS SCHOOL DO OVERALL?

Overall school performance is determined by a combination of academic and school quality indicators. The total earned points percent is provided as well as a percentile rank and a star designation.

INDICATOR	POSSIBLE POINTS	EARNED POINTS*	ANNUAL TARGET	IMPROVEMENT
Academic Achievement	30.0	14.3		
Graduat",True,True,/workspaces/jour329w_fall2025/murphy/stardem_draft/screenshots/Caroline_Colonel_Richardson_High_School.png
North Caroline High School (0703),Caroline,https://reportcard.msde.maryland.gov/Graphs/#/ReportCards/ReportCardSchool/1/H/1/05/0703/0,"Home
 
State
 
Districts & Schools
 
Resources
 
Help Guides
Find a different school:  View Schools List
CAROLINE COUNTY
North Caroline High School (0703)
At A Glance
	
Report Card
	
Demographics
	
MCAP
	
Graduation + College Status
	
Civil Rights Data Collection
	
Report Card
English
Spanish
Chinese
Korean
French
Vietnamese
Report Card Details
Definitions
FILTERS
Year:
2025
Reset
 Download
  
North Caroline High School
2024 - 2025 School Report Card
    
3 OUT OF 5 STARS
Percentile Rank: 38 (High)
North Caroline High School (0703)
Grade Levels: High
County: Caroline County
10990 River Rd
Ridgely, MD 21660-1815
Phone: 410-479-2332
HOW DID THIS SCHOOL DO OVERALL?

Overall school performance is determined by a combination of academic and school quality indicators. The total earned points percent is provided as well as a percentile rank and a star designation.

INDICATOR	POSSIBLE POINTS	EARNED POINTS*	ANNUAL TARGET	IMPROVEMENT
Academic Achievement	30.0	12.2		
Graduation Rate	15.0	13.1		
P",True,True,/workspaces/jour329w_fall2025/murphy/stardem_draft/screenshots/Caroline_North_Caroline_High_School_(07.png
Caroline Career & Technology Center (0704),Caroline,https://reportcard.msde.maryland.gov/Graphs/#/ReportCards/ReportCardSchool/1/UC/1/05/0704/0,"Home
 
State
 
Districts & Schools
 
Resources
 
Help Guides
Find a different school:  View Schools List
CAROLINE COUNTY
Caroline Career & Technology Center (0704)
At A Glance
	
Report Card
	
Demographics
	
MCAP
	
Civil Rights Data Collection
	
Report Card
English
Spanish
Chinese
Korean
French
Vietnamese
Report Card Details
Definitions

Year (2025) is not available

Maryland State Department of Education
200 West Baltimore Street, Baltimore, MD 21201
(410) 767-0100 (Phone) | (888) 246-0016 (TOLL Free)| (410) 333-2220 (Fax)
marylandpublicschools.org

   
Data Downloads Help Guides Privacy Policy Notice of Accessibility Contact Us
©2025, Maryland State Department of Education, All rights reserved, v.2025.11.04.12",True,True,/workspaces/jour329w_fall2025/murphy/stardem_draft/screenshots/Caroline_Caroline_Career_&_Technology_C.png
Bayside Elementary School (0403),Queen Anne's,https://reportcard.msde.maryland.gov/Graphs/#/ReportCards/ReportCardSchool/1/E/1/17/0403/0,"Home
 
State
 
Districts & Schools
 
Resources
 
Help Guides
Find a different school:  View Schools List
QUEEN ANNE'S COUNTY
Bayside Elementary School (0403)
At A Glance
	
Report Card
	
Demographics
	
MCAP
	
Civil Rights Data Collection
	
Report Card
English
Spanish
Chinese
Korean
French
Vietnamese
Report Card Details
Definitions
FILTERS
Year:
2025
Reset
 Download
  
Bayside Elementary School
2024 - 2025 School Report Card
    
4 OUT OF 5 STARS
Percentile Rank: 65 (Elementary)
Bayside Elementary School (0403)
Grade Levels: Elementary
County: Queen Anne's County
301 Church St
Stevensville, MD 21666
Phone: 410-643-6181
HOW DID THIS SCHOOL DO OVERALL?

Overall school performance is determined by a combination of academic and school quality indicators. The total earned points percent is provided as well as a percentile rank and a star designation.

INDICATOR	POSSIBLE POINTS	EARNED POINTS*	ANNUAL TARGET	IMPROVEMENT
Academic Achievement	20.0	12.3		
Academic Progress	35.0	22.7	na	
Progress in",True,True,/workspaces/jour329w_fall2025/murphy/stardem_draft/screenshots/Queen Anne's_Bayside_Elementary_School_(040.png
Centreville Elementary School (0308),Queen Anne's,https://reportcard.msde.maryland.gov/Graphs/#/ReportCards/ReportCardSchool/1/E/1/17/0308/0,"Home
 
State
 
Districts & Schools
 
Resources
 
Help Guides
Find a different school:  View Schools List
QUEEN ANNE'S COUNTY
Centreville Elementary School (0308)
At A Glance
	
Report Card
	
Demographics
	
MCAP
	
Civil Rights Data Collection
	
Report Card
English
Spanish
Chinese
Korean
French
Vietnamese
Report Card Details
Definitions

Year (2025) is not available

Maryland State Department of Education
200 West Baltimore Street, Baltimore, MD 21201
(410) 767-0100 (Phone) | (888) 246-0016 (TOLL Free)| (410) 333-2220 (Fax)
marylandpublicschools.org

   
Data Downloads Help Guides Privacy Policy Notice of Accessibility Contact Us
©2025, Maryland State Department of Education, All rights reserved, v.2025.11.04.12",True,True,/workspaces/jour329w_fall2025/murphy/stardem_draft/screenshots/Queen Anne's_Centreville_Elementary_School_.png
Church Hill Elementary School (0202),Queen Anne's,https://reportcard.msde.maryland.gov/Graphs/#/ReportCards/ReportCardSchool/1/E/1/17/0202/0,"Home
 
State
 
Districts & Schools
 
Resources
 
Help Guides
Find a different school:  View Schools List
QUEEN ANNE'S COUNTY
Church Hill Elementary School (0202)
At A Glance
	
Report Card
	
Demographics
	
MCAP
	
Civil Rights Data Collection
	
Report Card
English
Spanish
Chinese
Korean
French
Vietnamese
Report Card Details
Definitions
FILTERS
Year:
2025
Reset
 Download
  
Church Hill Elementary School
2024 - 2025 School Report Card
    
3 OUT OF 5 STARS
Percentile Rank: 45 (Elementary)
Church Hill Elementary School (0202)
Grade Levels: Elementary
County: Queen Anne's County
631 Main St
Church Hill, MD 21623
Phone: 410-556-6681
HOW DID THIS SCHOOL DO OVERALL?

Overall school performance is determined by a combination of academic and school quality indicators. The total earned points percent is provided as well as a percentile rank and a star designation.

INDICATOR	POSSIBLE POINTS	EARNED POINTS*	ANNUAL TARGET	IMPROVEMENT
Academic Achievement	20.0	10.0		
Academic Progress	25.0	12.0	na	
Pr",True,True,/workspaces/jour329w_fall2025/murphy/stardem_draft/screenshots/Queen Anne's_Church_Hill_Elementary_School_.png
Grasonville Elementary School (0503),Queen Anne's,https://reportcard.msde.maryland.gov/Graphs/#/ReportCards/ReportCardSchool/1/E/1/17/0503/0,"Home
 
State
 
Districts & Schools
 
Resources
 
Help Guides
Find a different school:  View Schools List
QUEEN ANNE'S COUNTY
Grasonville Elementary School (0503)
At A Glance
	
Report Card
	
Demographics
	
MCAP
	
Civil Rights Data Collection
	
Report Card
English
Spanish
Chinese
Korean
French
Vietnamese
Report Card Details
Definitions
FILTERS
Year:
2025
Reset
 Download
  
Grasonville Elementary School
2024 - 2025 School Report Card
    
4 OUT OF 5 STARS
Percentile Rank: 54 (Elementary)
Grasonville Elementary School (0503)
Grade Levels: Elementary
County: Queen Anne's County
5435 Main St
Grasonville, MD 21638
Phone: 410-827-8070
HOW DID THIS SCHOOL DO OVERALL?

Overall school performance is determined by a combination of academic and school quality indicators. The total earned points percent is provided as well as a percentile rank and a star designation.

INDICATOR	POSSIBLE POINTS	EARNED POINTS*	ANNUAL TARGET	IMPROVEMENT
Academic Achievement	20.0	11.3		
Academic Progress	35.0	19.4	na	
P",True,True,/workspaces/jour329w_fall2025/murphy/stardem_draft/screenshots/Queen Anne's_Grasonville_Elementary_School_.png
Kennard Elementary School (0302),Queen Anne's,https://reportcard.msde.maryland.gov/Graphs/#/ReportCards/ReportCardSchool/1/E/1/17/0302/0,"Home
 
State
 
Districts & Schools
 
Resources
 
Help Guides
Find a different school:  View Schools List
QUEEN ANNE'S COUNTY
Kennard Elementary School (0302)
At A Glance
	
Report Card
	
Demographics
	
MCAP
	
Civil Rights Data Collection
	
Report Card
English
Spanish
Chinese
Korean
French
Vietnamese
Report Card Details
Definitions
FILTERS
Year:
2025
Reset
 Download
  
Kennard Elementary School
2024 - 2025 School Report Card
    
3 OUT OF 5 STARS
Percentile Rank: 48 (Elementary)
Kennard Elementary School (0302)
Grade Levels: Elementary
County: Queen Anne's County
420 Little Kidwell Ave
Centreville, MD 21617
Phone: 410-758-1166
HOW DID THIS SCHOOL DO OVERALL?

Overall school performance is determined by a combination of academic and school quality indicators. The total earned points percent is provided as well as a percentile rank and a star designation.

INDICATOR	POSSIBLE POINTS	EARNED POINTS*	ANNUAL TARGET	IMPROVEMENT
Academic Achievement	20.0	10.0		
Academic Progress	35.0	17.9	na	
Pro",True,True,/workspaces/jour329w_fall2025/murphy/stardem_draft/screenshots/Queen Anne's_Kennard_Elementary_School_(030.png
Kent Island Elementary School (0402),Queen Anne's,https://reportcard.msde.maryland.gov/Graphs/#/ReportCards/ReportCardSchool/1/E/1/17/0402/0,"Home
 
State
 
Districts & Schools
 
Resources
 
Help Guides
Find a different school:  View Schools List
QUEEN ANNE'S COUNTY
Kent Island Elementary School (0402)
At A Glance
	
Report Card
	
Demographics
	
MCAP
	
Civil Rights Data Collection
	
Report Card
English
Spanish
Chinese
Korean
French
Vietnamese
Report Card Details
Definitions

Year (2025) is not available

Maryland State Department of Education
200 West Baltimore Street, Baltimore, MD 21201
(410) 767-0100 (Phone) | (888) 246-0016 (TOLL Free)| (410) 333-2220 (Fax)
marylandpublicschools.org

   
Data Downloads Help Guides Privacy Policy Notice of Accessibility Contact Us
©2025, Maryland State Department of Education, All rights reserved, v.2025.11.04.12",True,True,/workspaces/jour329w_fall2025/murphy/stardem_draft/screenshots/Queen Anne's_Kent_Island_Elementary_School_.png
Matapeake Elementary School (0406),Queen Anne's,https://reportcard.msde.maryland.gov/Graphs/#/ReportCards/ReportCardSchool/1/E/1/17/0406/0,"Home
 
State
 
Districts & Schools
 
Resources
 
Help Guides
Find a different school:  View Schools List
QUEEN ANNE'S COUNTY
Matapeake Elementary School (0406)
At A Glance
	
Report Card
	
Demographics
	
MCAP
	
Civil Rights Data Collection
	
Report Card
English
Spanish
Chinese
Korean
French
Vietnamese
Report Card Details
Definitions
FILTERS
Year:
2025
Reset
 Download
  
Matapeake Elementary School
2024 - 2025 School Report Card
    
4 OUT OF 5 STARS
Percentile Rank: 79 (Elementary)
Matapeake Elementary School (0406)
Grade Levels: Elementary
County: Queen Anne's County
651 Romancoke Rd
Stevensville, MD 21666
Phone: 410-643-3105
HOW DID THIS SCHOOL DO OVERALL?

Overall school performance is determined by a combination of academic and school quality indicators. The total earned points percent is provided as well as a percentile rank and a star designation.

INDICATOR	POSSIBLE POINTS	EARNED POINTS*	ANNUAL TARGET	IMPROVEMENT
Academic Achievement	20.0	12.7		
Academic Progress	35.0	21.1	na	
Pr",True,True,/workspaces/jour329w_fall2025/murphy/stardem_draft/screenshots/Queen Anne's_Matapeake_Elementary_School_(0.png
Sudlersville Elementary School (0106),Queen Anne's,https://reportcard.msde.maryland.gov/Graphs/#/ReportCards/ReportCardSchool/1/E/1/17/0106/0,"Home
 
State
 
Districts & Schools
 
Resources
 
Help Guides
Find a different school:  View Schools List
QUEEN ANNE'S COUNTY
Sudlersville Elementary School (0106)
At A Glance
	
Report Card
	
Demographics
	
MCAP
	
Civil Rights Data Collection
	
Report Card
English
Spanish
Chinese
Korean
French
Vietnamese
Report Card Details
Definitions
FILTERS
Year:
2025
Reset
 Download
  
Sudlersville Elementary School
2024 - 2025 School Report Card
    
4 OUT OF 5 STARS
Percentile Rank: 54 (Elementary)
Sudlersville Elementary School (0106)
Grade Levels: Elementary
County: Queen Anne's County
300 S Church Street
Sudlersville, MD 21668
Phone: 410-438-3164
HOW DID THIS SCHOOL DO OVERALL?

Overall school performance is determined by a combination of academic and school quality indicators. The total earned points percent is provided as well as a percentile rank and a star designation.

INDICATOR	POSSIBLE POINTS	EARNED POINTS*	ANNUAL TARGET	IMPROVEMENT
Academic Achievement	20.0	7.6		
Academic Progress	25.0	",True,True,/workspaces/jour329w_fall2025/murphy/stardem_draft/screenshots/Queen Anne's_Sudlersville_Elementary_School.png
Sudlersville Middle School (0101),Queen Anne's,https://reportcard.msde.maryland.gov/Graphs/#/ReportCards/ReportCardSchool/1/EM/1/17/0101/0,"Home
 
State
 
Districts & Schools
 
Resources
 
Help Guides
Find a different school:  View Schools List
QUEEN ANNE'S COUNTY
Sudlersville Middle School (0101)
At A Glance
	
Report Card
	
Demographics
	
MCAP
	
Civil Rights Data Collection
	
Report Card
English
Spanish
Chinese
Korean
French
Vietnamese
Report Card Details
Definitions
FILTERS
Year:
2025
Reset
 Download
  
Sudlersville Middle School
2024 - 2025 School Report Card
    
3 OUT OF 5 STARS
Percentile Rank: 11 (Elementary) , 57 (Middle)
Sudlersville Middle School (0101)
Grade Levels: Elementary/Middle
County: Queen Anne's County
600 Charles Street
Sudlersville, MD 21668
Phone: 410-438-3151
HOW DID THIS SCHOOL DO OVERALL?

Overall school performance is determined by a combination of academic and school quality indicators. The total earned points percent is provided as well as a percentile rank and a star designation.

INDICATOR	POSSIBLE POINTS	EARNED POINTS*	ANNUAL TARGET	IMPROVEMENT
Academic Achievement (E/M)	20.0 / 20.0	7.4 / 9.",True,True,/workspaces/jour329w_fall2025/murphy/stardem_draft/screenshots/Queen Anne's_Sudlersville_Middle_School_(01.png
Centreville Middle School (0303),Queen Anne's,https://reportcard.msde.maryland.gov/Graphs/#/ReportCards/ReportCardSchool/1/M/1/17/0303/0,"Home
 
State
 
Districts & Schools
 
Resources
 
Help Guides
Find a different school:  View Schools List
QUEEN ANNE'S COUNTY
Centreville Middle School (0303)
At A Glance
	
Report Card
	
Demographics
	
MCAP
	
Civil Rights Data Collection
	
Report Card
English
Spanish
Chinese
Korean
French
Vietnamese
Report Card Details
Definitions
FILTERS
Year:
2025
Reset
 Download
  
Centreville Middle School
2024 - 2025 School Report Card
    
3 OUT OF 5 STARS
Percentile Rank: 53 (Middle)
Centreville Middle School (0303)
Grade Levels: Middle
County: Queen Anne's County
231 Ruthsburg Rd
Centreville, MD 21617
Phone: 410-758-0883
HOW DID THIS SCHOOL DO OVERALL?

Overall school performance is determined by a combination of academic and school quality indicators. The total earned points percent is provided as well as a percentile rank and a star designation.

INDICATOR	POSSIBLE POINTS	EARNED POINTS*	ANNUAL TARGET	IMPROVEMENT
Academic Achievement	20.0	9.7		
Academic Progress	35.0	16.7	na	
Progress in Achiev",True,True,/workspaces/jour329w_fall2025/murphy/stardem_draft/screenshots/Queen Anne's_Centreville_Middle_School_(030.png
Matapeake Middle School (0407),Queen Anne's,https://reportcard.msde.maryland.gov/Graphs/#/ReportCards/ReportCardSchool/1/M/1/17/0407/0,"Home
 
State
 
Districts & Schools
 
Resources
 
Help Guides
Find a different school:  View Schools List
QUEEN ANNE'S COUNTY
Matapeake Middle School (0407)
At A Glance
	
Report Card
	
Demographics
	
MCAP
	
Civil Rights Data Collection
	
Report Card
English
Spanish
Chinese
Korean
French
Vietnamese
Report Card Details
Definitions
FILTERS
Year:
2025
Reset
 Download
  
Matapeake Middle School
2024 - 2025 School Report Card
    
4 OUT OF 5 STARS
Percentile Rank: 75 (Middle)
Matapeake Middle School (0407)
Grade Levels: Middle
County: Queen Anne's County
671 Romancoke Road
Stevensville, MD 21666
Phone: 410-643-7330
HOW DID THIS SCHOOL DO OVERALL?

Overall school performance is determined by a combination of academic and school quality indicators. The total earned points percent is provided as well as a percentile rank and a star designation.

INDICATOR	POSSIBLE POINTS	EARNED POINTS*	ANNUAL TARGET	IMPROVEMENT
Academic Achievement	20.0	11.7		
Academic Progress	35.0	20.8	na	
Progress in Achievin",True,True,/workspaces/jour329w_fall2025/murphy/stardem_draft/screenshots/Queen Anne's_Matapeake_Middle_School_(0407).png
Stevensville Middle School (0404),Queen Anne's,https://reportcard.msde.maryland.gov/Graphs/#/ReportCards/ReportCardSchool/1/M/1/17/0404/0,"Home
 
State
 
Districts & Schools
 
Resources
 
Help Guides
Find a different school:  View Schools List
QUEEN ANNE'S COUNTY
Stevensville Middle School (0404)
At A Glance
	
Report Card
	
Demographics
	
MCAP
	
Civil Rights Data Collection
	
Report Card
English
Spanish
Chinese
Korean
French
Vietnamese
Report Card Details
Definitions
FILTERS
Year:
2025
Reset
 Download
  
Stevensville Middle School
2024 - 2025 School Report Card
    
3 OUT OF 5 STARS
Percentile Rank: 48 (Middle)
Stevensville Middle School (0404)
Grade Levels: Middle
County: Queen Anne's County
610 Main St
Stevensville, MD 21666
Phone: 410-643-3194
HOW DID THIS SCHOOL DO OVERALL?

Overall school performance is determined by a combination of academic and school quality indicators. The total earned points percent is provided as well as a percentile rank and a star designation.

INDICATOR	POSSIBLE POINTS	EARNED POINTS*	ANNUAL TARGET	IMPROVEMENT
Academic Achievement	20.0	10.2		
Academic Progress	35.0	17.6	na	
Progress in Achiev",True,True,/workspaces/jour329w_fall2025/murphy/stardem_draft/screenshots/Queen Anne's_Stevensville_Middle_School_(04.png
Kent Island High School (0405),Queen Anne's,https://reportcard.msde.maryland.gov/Graphs/#/ReportCards/ReportCardSchool/1/H/1/17/0405/0,"Home
 
State
 
Districts & Schools
 
Resources
 
Help Guides
Find a different school:  View Schools List
QUEEN ANNE'S COUNTY
Kent Island High School (0405)
At A Glance
	
Report Card
	
Demographics
	
MCAP
	
Graduation + College Status
	
Civil Rights Data Collection
	
Report Card
English
Spanish
Chinese
Korean
French
Vietnamese
Report Card Details
Definitions
FILTERS
Year:
2025
Reset
 Download
  
Kent Island High School
2024 - 2025 School Report Card
    
4 OUT OF 5 STARS
Percentile Rank: 72 (High)
Kent Island High School (0405)
Grade Levels: High
County: Queen Anne's County
900 Love Point Rd
Stevensville, MD 21666
Phone: 410-604-2070
HOW DID THIS SCHOOL DO OVERALL?

Overall school performance is determined by a combination of academic and school quality indicators. The total earned points percent is provided as well as a percentile rank and a star designation.

INDICATOR	POSSIBLE POINTS	EARNED POINTS*	ANNUAL TARGET	IMPROVEMENT
Academic Achievement	30.0	17.9		
Graduation Rate	15.0	14.5		",True,True,/workspaces/jour329w_fall2025/murphy/stardem_draft/screenshots/Queen Anne's_Kent_Island_High_School_(0405).png
Queen Anne's County High School (0301),Queen Anne's,https://reportcard.msde.maryland.gov/Graphs/#/ReportCards/ReportCardSchool/1/H/1/17/0301/0,"Home
 
State
 
Districts & Schools
 
Resources
 
Help Guides
Find a different school:  View Schools List
QUEEN ANNE'S COUNTY
Queen Anne's County High School (0301)
At A Glance
	
Report Card
	
Demographics
	
MCAP
	
Graduation + College Status
	
Civil Rights Data Collection
	
Report Card
English
Spanish
Chinese
Korean
French
Vietnamese
Report Card Details
Definitions
FILTERS
Year:
2025
Reset
 Download
  
Queen Anne's County High School
2024 - 2025 School Report Card
    
3 OUT OF 5 STARS
Percentile Rank: 58 (High)
Queen Anne's County High School (0301)
Grade Levels: High
County: Queen Anne's County
125 Ruthsburg Rd
Centreville, MD 21617
Phone: 410-758-0500
HOW DID THIS SCHOOL DO OVERALL?

Overall school performance is determined by a combination of academic and school quality indicators. The total earned points percent is provided as well as a percentile rank and a star designation.

INDICATOR	POSSIBLE POINTS	EARNED POINTS*	ANNUAL TARGET	IMPROVEMENT
Academic Achievement	30.0	14.9		
Gradu",True,True,/workspaces/jour329w_fall2025/murphy/stardem_draft/screenshots/Queen Anne's_Queen_Anne's_County_High_Schoo.png
